link_id,link_name,property_id,property_name,logical_type,mandatory,max_len,semantic_type_id,possible_values_count,possible_values
LAS1,Association,LAS4,Association Type,SUGGESTED_FROM,true,250,,67,Accessed By | Account Holder | Action Fraud Report | Appears on or within | Alias | Arrested at | Associate - Criminal | Associate - Non Criminal | Associated | Attributed To | Border Control | Captain (maritime) | Communicated With | Company Director | Company Secretary | Co-pilot | Crew | Data Extracted From | Daughter | Driver | Employee | Father | Found in document | Found in message | Grandfather | Grandmother | In contact with | In Use With Device | Installed within | Insured | Intelligence Reference | Involved in | Linked to | Maritime Event | Loaded | Member of | Mother | Observed At | Owner | Parked Outside | Passenger | Pilot | Police Person Reporting | Present at | Proxy | Proprieter | Registered Address | Registered Keeper | Saved As (in contacts) | Seized From | Son | Spouse | Surveillance Log | Suspect | Travelled With | Used with | Unloaded | User | Username | Victim | Visited | Taken To | Target | Tractor Unit | Within Consignment/Load | Within Contacts Of Device | Witness
LAS1,Association,LAS5,Start Date and Time,DATE_AND_TIME,false,,guidB8767EA5-841F-4734-B703-BC58786296A3,0,
LAS1,Association,LAS6,End Date and Time,DATE_AND_TIME,false,,guid80860455-202C-4ddf-85A9-AE576D66BD56,0,
LAS1,Association,PT695,Link Strength,SELECTED_FROM,false,250,,3,Confirmed | Unconfirmed | Hypothetical
LAS1,Association,PT703,Observation,MULTIPLE_LINE_STRING,false,,,0,
LAS1,Association,PT704,Observation Officer,SINGLE_LINE_STRING,false,250,,0,
LAS1,Association,PT705,Surveillance Log Ref,SINGLE_LINE_STRING,false,250,,0,
LAS1,Association,LAS7,Additional Information,MULTIPLE_LINE_STRING,false,,guid359AD9EB-8AC2-4c0d-82E6-AA77734CC423,0,
LAS1,Association,PT302,3x5x2,SINGLE_LINE_STRING,false,3,,0,
LAS1,Association,PT343,3x5x2 Action,SELECTED_FROM,false,250,,3,A1: Covert Development.  May be combined or corroborated with other intelligence but action cannot be taken directly. Permission must be sought from the originator | A2: Covert Use. Covert action may be taken on this intelligence although the source or techniques must be protected. May not be used in isolation as evidence | A3: Overt Use. Overt action is permitted on this intelligence.  See additional notes for what this information can be used for.
LAS1,Association,PT393,3x5x2 Sanitisation,SELECTED_FROM,false,250,,2,S1. Delegate Authority. The originator of the intelligence DOES PERMIT the unsupervised sanitisation of the material in order to allow dissemination to a wider audience | S2. Consult Originator. The originator of the intelligence DOES NOT PERMIT the sanitisation of the material for a wider dissemination without consultation being sought
LAS1,Association,PT446,3x5x2 Notes,MULTIPLE_LINE_STRING,false,,,0,
LAS1,Association,PT497,Intelligence Date,DATE,false,,,0,
LAS1,Association,PT552,IR or Reference,SINGLE_LINE_STRING,false,250,,0,
LAS1,Association,PT68,Match Unique Value,SINGLE_LINE_STRING,false,250,,0,
LAS1,Association,PT1084,Entity From,SINGLE_LINE_STRING,false,250,,0,
LAS1,Association,PT1115,Entity From Name,SINGLE_LINE_STRING,false,250,,0,
LAS1,Association,PT1085,Entity To,SINGLE_LINE_STRING,false,250,,0,
LAS1,Association,PT1116,Entity To Name,SINGLE_LINE_STRING,false,250,,0,
LAS1,Association,PT1425,SourceItemId,SINGLE_LINE_STRING,false,250,,0,
LTR1,Transaction,PT1154,Transaction Date,DATE,false,,,0,
LTR1,Transaction,PT1155,Transaction Time,TIME,false,,,0,
LTR1,Transaction,LTR3,Transaction Type,SUGGESTED_FROM,false,250,,3,<Unknown> | Credit | Debit
LTR1,Transaction,LTR8,Transaction Method,SUGGESTED_FROM,false,250,guidDA2E2421-DAD1-480d-8EE5-8CF639500158,11,<Unknown> | ATM | BACS | Bankers Draft | Cash | Check | Credit Card | Debit Card | Online Transfer | Refund | Wire Transfer
LTR1,Transaction,LTR6,Transaction Currency,SUGGESTED_FROM,false,250,guid4FC4F9B1-3C63-4CCE-BA97-42E76BAD96A6,296,AED | AFA | AFN | ALK | ALL | AMD | ANG | AOA | AOK | AON | AOR | ARA | ARP | ARS | ARY | ATS | AUD | AWG | AYM | AZM | AZN | BAD | BAM | BBD | BDT | BEC | BEF | BEL | BGJ | BGK | BGL | BGN | BHD | BIF | BMD | BND | BOB | BOP | BOV | BRB | BRC | BRE | BRL | BRN | BRR | BSD | BTN | BUK | BWP | BYB | BYN | BYR | BZD | CAD | CDF | CHC | CHE | CHF | CHW | CLF | CLP | CNY | COP | COU | CRC | CSD | CSJ | CSK | CUC | CUP | CVE | CYP | CZK | DDM | DEM | DJF | DKK | DOP | DZD | ECS | ECV | EEK | EGP | ERN | ESA | ESB | ESP | ETB | EUR | FIM | FJD | FKP | FRF | GBP | GEK | GEL | GHC | GHP | GHS | GIP | GMD | GNE | GNF | GNS | GQE | GRD | GTQ | GWE | GWP | GYD | HKD | HNL | HRD | HRK | HTG | HUF | IDR | IEP | ILP | ILR | ILS | INR | IQD | IRR | ISJ | ISK | ITL | JMD | JOD | JPY | KES | KGS | KHR | KMF | KPW | KRW | KWD | KYD | KZT | LAJ | LAK | LBP | LKR | LRD | LSL | LSM | LTL | LTT | LUC | LUF | LUL | LVL | LVR | LYD | MAD | MDL | MGA | MGF | MKD | MLF | MMK | MNT | MOP | MRO | MTL | MTP | MUR | MVQ | MVR | MWK | MXN | MXP | MXV | MYR | MZE | MZM | MZN | NAD | NGN | NIC | NIO | NLG | NOK | NPR | NZD | OMR | PAB | PEH | PEI | PEN | PES | PGK | PHP | PKR | PLN | PLZ | PTE | PYG | QAR | RHD | ROK | ROL | RON | RSD | RUB | RUR | RWF | SAR | SBD | SCR | SDD | SDG | SDP | SEK | SGD | SHP | SIT | SKK | SLL | SOS | SRD | SRG | SSP | STD | SUR | SVC | SYP | SZL | THB | TJR | TJS | TMM | TMT | TND | TOP | TPE | TRL | TRY | TTD | TWD | TZS | UAH | UAK | UGS | UGW | UGX | USD | USN | USS | UYI | UYN | UYP | UYU | UZS | VEB | VEF | VNC | VND | VUV | WST | XAF | XAG | XAU | XBA | XBB | XBC | XBD | XCD | XDR | XEU | XFO | XFU | XPD | XPF | XPT | XRE | XSU | XTS | XUA | XXX | YDD | YER | YUD | YUM | YUN | ZAL | ZAR | ZMK | ZMW | ZRN | ZRZ | ZWC | ZWD | ZWL | ZWN | ZWR
LTR1,Transaction,LTR5,Transaction Value,DECIMAL,false,,guid735D4427-99F9-45DF-8820-DDEA9CF7C27E,0,
LTR1,Transaction,PT315,GBP Equivalent,DECIMAL,false,,,0,
LTR1,Transaction,LTR7,Additional Information,MULTIPLE_LINE_STRING,false,,guid359AD9EB-8AC2-4c0d-82E6-AA77734CC423,0,
LTR1,Transaction,PT304,3x5x2,SINGLE_LINE_STRING,false,3,,0,
LTR1,Transaction,PT357,3x5x2 Action,SELECTED_FROM,false,250,,3,A1: Covert Development.  May be combined or corroborated with other intelligence but action cannot be taken directly. Permission must be sought from the originator | A2: Covert Use. Covert action may be taken on this intelligence although the source or techniques must be protected. May not be used in isolation as evidence | A3: Overt Use. Overt action is permitted on this intelligence.  See additional notes for what this information can be used for.
LTR1,Transaction,PT407,3x5x2 Sanitisation,SELECTED_FROM,false,250,,2,S1. Delegate Authority. The originator of the intelligence DOES PERMIT the unsupervised sanitisation of the material in order to allow dissemination to a wider audience | S2. Consult Originator. The originator of the intelligence DOES NOT PERMIT the sanitisation of the material for a wider dissemination without consultation being sought
LTR1,Transaction,PT459,3x5x2 Notes,MULTIPLE_LINE_STRING,false,,,0,
LTR1,Transaction,PT511,Intelligence Date,DATE,false,,,0,
LTR1,Transaction,PT566,IR or Reference,SINGLE_LINE_STRING,false,250,,0,
LTR1,Transaction,PT82,Match Unique Value,SINGLE_LINE_STRING,false,250,,0,
LTR1,Transaction,PT581,Link Strength,SELECTED_FROM,false,250,,3,Confirmed | Unconfirmed | Hypothetical
LTR1,Transaction,LTR4,Start Date and Time,DATE_AND_TIME,false,,guidF49AD106-BBCA-4de0-A6C8-77BCE1493AFA,0,
LTR1,Transaction,PT1437,SourceItemId,SINGLE_LINE_STRING,false,250,,0,
LT4,IMEI Link,PT432,Operation,SINGLE_LINE_STRING,false,250,,0,
LT4,IMEI Link,PT116,Start Date and Time,DATE_AND_TIME,false,,,0,
LT4,IMEI Link,PT37,End Date and Time,DATE_AND_TIME,false,,guid9f0adde3-bdcd-4f36-b657-fc0bdf7a10d5,0,
LT4,IMEI Link,PT143,Target IMEI(14),SINGLE_LINE_STRING,false,250,,0,
LT4,IMEI Link,PT144,Target Entity,SINGLE_LINE_STRING,false,250,,0,
LT4,IMEI Link,PT629,Manufacturer,SINGLE_LINE_STRING,false,250,,0,
LT4,IMEI Link,PT630,Model,SINGLE_LINE_STRING,false,250,,0,
LT4,IMEI Link,PT631,IMEI8,SINGLE_LINE_STRING,false,250,,0,
LT4,IMEI Link,PT224,3x5x2,SINGLE_LINE_STRING,false,3,,0,
LT4,IMEI Link,PT350,3x5x2 Action,SELECTED_FROM,false,250,,3,A1: Covert Development.  May be combined or corroborated with other intelligence but action cannot be taken directly. Permission must be sought from the originator | A2: Covert Use. Covert action may be taken on this intelligence although the source or techniques must be protected. May not be used in isolation as evidence | A3: Overt Use. Overt action is permitted on this intelligence.  See additional notes for what this information can be used for.
LT4,IMEI Link,PT400,3x5x2 Sanitisation,SELECTED_FROM,false,250,,2,S1. Delegate Authority. The originator of the intelligence DOES PERMIT the unsupervised sanitisation of the material in order to allow dissemination to a wider audience | S2. Consult Originator. The originator of the intelligence DOES NOT PERMIT the sanitisation of the material for a wider dissemination without consultation being sought
LT4,IMEI Link,PT504,Intelligence Date,DATE,false,,,0,
LT4,IMEI Link,PT559,IR or Reference,SINGLE_LINE_STRING,false,250,,0,
LT4,IMEI Link,PT862,Redacted IMEI,SINGLE_LINE_STRING,false,250,,0,
LT4,IMEI Link,PT632,Target IMEI (CDR),SINGLE_LINE_STRING,false,250,,0,
LT4,IMEI Link,PT75,Match Unique Value,SINGLE_LINE_STRING,false,250,,0,
LT4,IMEI Link,PT525,Link Strength,SELECTED_FROM,false,250,,3,Confirmed | Unconfirmed | Hypothetical
LT4,IMEI Link,PT1431,SourceItemId,SINGLE_LINE_STRING,false,250,,0,
LT5,IMSI Link,PT445,Operation,SINGLE_LINE_STRING,false,250,,0,
LT5,IMSI Link,PT119,Start Date and Time,DATE_AND_TIME,false,,,0,
LT5,IMSI Link,PT36,End Date and Time,DATE_AND_TIME,false,,guid9f0adde3-bdcd-4f36-b657-fc0bdf7a10d5,0,
LT5,IMSI Link,PT145,Target IMSI,SINGLE_LINE_STRING,false,250,,0,
LT5,IMSI Link,PT146,Target Entity,SINGLE_LINE_STRING,false,250,,0,
LT5,IMSI Link,PT225,3x5x2,SINGLE_LINE_STRING,false,3,,0,
LT5,IMSI Link,PT351,3x5x2 Action,SELECTED_FROM,false,250,,3,A1: Covert Development.  May be combined or corroborated with other intelligence but action cannot be taken directly. Permission must be sought from the originator | A2: Covert Use. Covert action may be taken on this intelligence although the source or techniques must be protected. May not be used in isolation as evidence | A3: Overt Use. Overt action is permitted on this intelligence.  See additional notes for what this information can be used for.
LT5,IMSI Link,PT401,3x5x2 Sanitisation,SELECTED_FROM,false,250,,2,S1. Delegate Authority. The originator of the intelligence DOES PERMIT the unsupervised sanitisation of the material in order to allow dissemination to a wider audience | S2. Consult Originator. The originator of the intelligence DOES NOT PERMIT the sanitisation of the material for a wider dissemination without consultation being sought
LT5,IMSI Link,PT453,3x5x2 Notes,MULTIPLE_LINE_STRING,false,,,0,
LT5,IMSI Link,PT505,Intelligence Date,DATE,false,,,0,
LT5,IMSI Link,PT560,IR or Reference,SINGLE_LINE_STRING,false,250,,0,
LT5,IMSI Link,PT863,Redacted IMSI,SINGLE_LINE_STRING,false,250,,0,
LT5,IMSI Link,PT76,Match Unique Value,SINGLE_LINE_STRING,false,250,,0,
LT5,IMSI Link,PT539,Link Strength,SELECTED_FROM,false,250,,3,Confirmed | Unconfirmed | Hypothetical
LT5,IMSI Link,PT1432,SourceItemId,SINGLE_LINE_STRING,false,250,,0,
LT3,Comms Data Record Link,PT903,Row Index,SINGLE_LINE_STRING,false,250,,0,
LT3,Comms Data Record Link,PT904,Source File Name,SINGLE_LINE_STRING,false,255,,0,
LT3,Comms Data Record Link,PT404,Operation,SINGLE_LINE_STRING,false,250,,0,
LT3,Comms Data Record Link,PT381,CDR Reference,SINGLE_LINE_STRING,false,250,,0,
LT3,Comms Data Record Link,PT392,Target Entity,SINGLE_LINE_STRING,false,250,,0,
LT3,Comms Data Record Link,PT163,Target Type,SELECTED_FROM,false,250,,3,WITHIN DATA | TARGET | Event (Traffic)
LT3,Comms Data Record Link,PT905,Target IMEI (from CDR),SINGLE_LINE_STRING,false,250,,0,
LT3,Comms Data Record Link,PT906,Target IMEI (14 Digit),SINGLE_LINE_STRING,false,250,,0,
LT3,Comms Data Record Link,PT907,Target IMSI,SINGLE_LINE_STRING,false,250,,0,
LT3,Comms Data Record Link,PT634,Start Date,DATE,false,,,0,
LT3,Comms Data Record Link,PT635,Start Time,TIME,false,,,0,
LT3,Comms Data Record Link,PT172,Start Date and Time,DATE_AND_TIME,false,,,0,
LT3,Comms Data Record Link,PT909,End Date,DATE,false,250,,0,
LT3,Comms Data Record Link,PT910,End Time,TIME,false,,,0,
LT3,Comms Data Record Link,PT908,End Date and Time,DATE_AND_TIME,false,,guid9f0adde3-bdcd-4f36-b657-fc0bdf7a10d5,0,
LT3,Comms Data Record Link,PT911,Event Type,SUGGESTED_FROM,false,250,,15,Outgoing Voice | Incoming Voice | Outgoing SMS | Incoming SMS | Outgoing MMS | Incoming MMS | Data Out | Incoming Divert | Outgoing Forward | Failed Call Out | Failed Call In | Network In | Network Out | Unknown | Instant Message
LT3,Comms Data Record Link,PT912,Duration,TIME,false,250,guid601C0497-849D-471b-A7B1-EB033EF874D4,0,
LT3,Comms Data Record Link,PT913,Ringing Time,TIME,false,,,0,
LT3,Comms Data Record Link,PT914,Entity A (Calling),SINGLE_LINE_STRING,false,250,,0,
LT3,Comms Data Record Link,PT915,Entity B (Called),SINGLE_LINE_STRING,false,250,,0,
LT3,Comms Data Record Link,PT916,Entity C (Diverted),SINGLE_LINE_STRING,false,250,,0,
LT3,Comms Data Record Link,PT992,Content,MULTIPLE_LINE_STRING,false,,,0,
LT3,Comms Data Record Link,PT624,IMEI A,SINGLE_LINE_STRING,false,250,,0,
LT3,Comms Data Record Link,PT625,IMEI B,SINGLE_LINE_STRING,false,250,,0,
LT3,Comms Data Record Link,PT585,IMSI A,SINGLE_LINE_STRING,false,250,,0,
LT3,Comms Data Record Link,PT623,IMSI B,SINGLE_LINE_STRING,false,250,,0,
LT3,Comms Data Record Link,PT917,GPRS Charging ID,SINGLE_LINE_STRING,false,250,,0,
LT3,Comms Data Record Link,PT918,IP Address,SINGLE_LINE_STRING,false,250,,0,
LT3,Comms Data Record Link,PT919,Start Cell ID,SINGLE_LINE_STRING,false,250,,0,
LT3,Comms Data Record Link,PT920,Start LAC,SINGLE_LINE_STRING,false,250,,0,
LT3,Comms Data Record Link,PT921,Start Cell CGI,SINGLE_LINE_STRING,false,250,,0,
LT3,Comms Data Record Link,PT922,Start Cell(Hex),SINGLE_LINE_STRING,false,250,,0,
LT3,Comms Data Record Link,PT923,Start SAC,SINGLE_LINE_STRING,false,250,,0,
LT3,Comms Data Record Link,PT924,Start Tech,SINGLE_LINE_STRING,false,250,,0,
LT3,Comms Data Record Link,PT925,Start Azimuth,SINGLE_LINE_STRING,false,250,,0,
LT3,Comms Data Record Link,PT926,Start Site Name,SINGLE_LINE_STRING,false,250,,0,
LT3,Comms Data Record Link,PT927,Start Postcode,SINGLE_LINE_STRING,false,250,,0,
LT3,Comms Data Record Link,PT928,Start Easting,SINGLE_LINE_STRING,false,250,,0,
LT3,Comms Data Record Link,PT929,Start Northing,SINGLE_LINE_STRING,false,250,,0,
LT3,Comms Data Record Link,PT930,Start Latitude,SINGLE_LINE_STRING,false,250,,0,
LT3,Comms Data Record Link,PT931,Start Longitude,SINGLE_LINE_STRING,false,250,,0,
LT3,Comms Data Record Link,PT932,Start Cell Centroid Latitude,SINGLE_LINE_STRING,false,250,,0,
LT3,Comms Data Record Link,PT933,Start Cell Centroid Longitude,SINGLE_LINE_STRING,false,250,,0,
LT3,Comms Data Record Link,PT987,Start Geographic Location,GEOSPATIAL,false,,,0,
LT3,Comms Data Record Link,PT934,End Cell ID,SINGLE_LINE_STRING,false,250,,0,
LT3,Comms Data Record Link,PT935,End LAC,SINGLE_LINE_STRING,false,250,,0,
LT3,Comms Data Record Link,PT936,End Cell CGI,SINGLE_LINE_STRING,false,250,,0,
LT3,Comms Data Record Link,PT937,End Cell(Hex),SINGLE_LINE_STRING,false,250,,0,
LT3,Comms Data Record Link,PT938,End SAC,SINGLE_LINE_STRING,false,250,,0,
LT3,Comms Data Record Link,PT939,End Tech,SINGLE_LINE_STRING,false,250,,0,
LT3,Comms Data Record Link,PT940,End Azimuth,SINGLE_LINE_STRING,false,250,,0,
LT3,Comms Data Record Link,PT941,End Site Name,SINGLE_LINE_STRING,false,250,,0,
LT3,Comms Data Record Link,PT942,End Postcode,SINGLE_LINE_STRING,false,250,,0,
LT3,Comms Data Record Link,PT943,End Easting,SINGLE_LINE_STRING,false,250,,0,
LT3,Comms Data Record Link,PT944,End Northing,SINGLE_LINE_STRING,false,250,,0,
LT3,Comms Data Record Link,PT945,End Latitude,SINGLE_LINE_STRING,false,250,,0,
LT3,Comms Data Record Link,PT946,End Longitude,SINGLE_LINE_STRING,false,250,,0,
LT3,Comms Data Record Link,PT947,End Cell Centroid Latitude,SINGLE_LINE_STRING,false,250,,0,
LT3,Comms Data Record Link,PT948,End Cell Centroid Longitude,SINGLE_LINE_STRING,false,250,,0,
LT3,Comms Data Record Link,PT949,End Geographic Location,GEOSPATIAL,false,,,0,
LT3,Comms Data Record Link,PT950,Comments,MULTIPLE_LINE_STRING,false,250,,0,
LT3,Comms Data Record Link,PT951,Reference,SINGLE_LINE_STRING,false,250,,0,
LT3,Comms Data Record Link,PT952,GPRS Confidence,SINGLE_LINE_STRING,false,250,,0,
LT3,Comms Data Record Link,PT953,Cleansing Application,SINGLE_LINE_STRING,false,250,,0,
LT3,Comms Data Record Link,PT954,Application Version,SINGLE_LINE_STRING,false,250,,0,
LT3,Comms Data Record Link,PT626,FileType,SINGLE_LINE_STRING,false,250,,0,
LT3,Comms Data Record Link,PT955,Additional Information,MULTIPLE_LINE_STRING,false,,guid359AD9EB-8AC2-4c0d-82E6-AA77734CC423,0,
LT3,Comms Data Record Link,PT219,3x5x2,SINGLE_LINE_STRING,false,3,,0,
LT3,Comms Data Record Link,PT345,3x5x2 Action,SELECTED_FROM,false,250,,3,A1: Covert Development.  May be combined or corroborated with other intelligence but action cannot be taken directly. Permission must be sought from the originator | A2: Covert Use. Covert action may be taken on this intelligence although the source or techniques must be protected. May not be used in isolation as evidence | A3: Overt Use. Overt action is permitted on this intelligence.  See additional notes for what this information can be used for.
LT3,Comms Data Record Link,PT395,3x5x2 Sanitisation,SELECTED_FROM,false,250,,2,S1. Delegate Authority. The originator of the intelligence DOES PERMIT the unsupervised sanitisation of the material in order to allow dissemination to a wider audience | S2. Consult Originator. The originator of the intelligence DOES NOT PERMIT the sanitisation of the material for a wider dissemination without consultation being sought
LT3,Comms Data Record Link,PT448,3x5x2 Notes,MULTIPLE_LINE_STRING,false,,,0,
LT3,Comms Data Record Link,PT499,Intelligence Date,DATE,false,,,0,
LT3,Comms Data Record Link,PT554,IR or Reference,SINGLE_LINE_STRING,false,250,,0,
LT3,Comms Data Record Link,PT956,Target IMEI TAC (8 Digit),SINGLE_LINE_STRING,false,250,,0,
LT3,Comms Data Record Link,PT957,Target IMEI Manufacturer,SINGLE_LINE_STRING,false,250,,0,
LT3,Comms Data Record Link,PT958,Target IMEI Model,SINGLE_LINE_STRING,false,250,,0,
LT3,Comms Data Record Link,PT959,Target IMSI Country,SINGLE_LINE_STRING,false,250,,0,
LT3,Comms Data Record Link,PT960,Target IMSI Network,SINGLE_LINE_STRING,false,250,,0,
LT3,Comms Data Record Link,PT866,Redacted Target Entity,SINGLE_LINE_STRING,false,250,,0,
LT3,Comms Data Record Link,PT961,Redacted Target IMEI,SINGLE_LINE_STRING,false,250,,0,
LT3,Comms Data Record Link,PT962,Redacted Target IMSI,SINGLE_LINE_STRING,false,250,,0,
LT3,Comms Data Record Link,PT963,Redacted Entity A (Calling),SINGLE_LINE_STRING,false,250,,0,
LT3,Comms Data Record Link,PT964,Redacted Entity B (Called),SINGLE_LINE_STRING,false,250,,0,
LT3,Comms Data Record Link,PT965,Redacted Entity C (Diverted),SINGLE_LINE_STRING,false,250,,0,
LT3,Comms Data Record Link,PT212,Link Strength,SELECTED_FROM,false,250,,3,Confirmed | Unconfirmed | Hypothetical
LT3,Comms Data Record Link,PT1072,NonTarget Entity,SINGLE_LINE_STRING,false,250,,0,
LT3,Comms Data Record Link,PT1079,Target Direction,SINGLE_LINE_STRING,false,250,,0,
LT3,Comms Data Record Link,PT70,Match Unique Value,SINGLE_LINE_STRING,false,250,,0,
LT3,Comms Data Record Link,PT1427,SourceItemId,SINGLE_LINE_STRING,false,250,,0,
LT3,Comms Data Record Link,PT1584,APN,SINGLE_LINE_STRING,false,250,,0,
LT10,IP to IP Link,PT168,Start Date and Time,DATE_AND_TIME,false,,,0,
LT10,IP to IP Link,PT226,3x5x2,SINGLE_LINE_STRING,false,3,,0,
LT10,IP to IP Link,PT352,3x5x2 Action,SELECTED_FROM,false,250,,3,A1: Covert Development.  May be combined or corroborated with other intelligence but action cannot be taken directly. Permission must be sought from the originator | A2: Covert Use. Covert action may be taken on this intelligence although the source or techniques must be protected. May not be used in isolation as evidence | A3: Overt Use. Overt action is permitted on this intelligence.  See additional notes for what this information can be used for.
LT10,IP to IP Link,PT402,3x5x2 Sanitisation,SELECTED_FROM,false,250,,2,S1. Delegate Authority. The originator of the intelligence DOES PERMIT the unsupervised sanitisation of the material in order to allow dissemination to a wider audience | S2. Consult Originator. The originator of the intelligence DOES NOT PERMIT the sanitisation of the material for a wider dissemination without consultation being sought
LT10,IP to IP Link,PT454,3x5x2 Notes,MULTIPLE_LINE_STRING,false,,,0,
LT10,IP to IP Link,PT506,Intelligence Date,DATE,false,,,0,
LT10,IP to IP Link,PT561,IR or Reference,SINGLE_LINE_STRING,false,250,,0,
LT10,IP to IP Link,PT864,Redacted IP,SINGLE_LINE_STRING,false,250,,0,
LT10,IP to IP Link,PT77,Match Unique Value,SINGLE_LINE_STRING,false,250,,0,
LT10,IP to IP Link,PT551,Link Strength,SELECTED_FROM,false,250,,3,Confirmed | Unconfirmed | Hypothetical
LT10,IP to IP Link,PT1433,SourceItemId,SINGLE_LINE_STRING,false,250,,0,
LT11,Location Link,PT728,Operation,SINGLE_LINE_STRING,false,250,,0,
LT11,Location Link,PT697,Link Strength,SELECTED_FROM,false,250,,3,Confirmed | Unconfirmed | Hypothetical
LT11,Location Link,PT194,Link Type,SUGGESTED_FROM,false,250,,23,Address: Home | Address: Company/Organisation | Arrived | ANPR | Based at | Cell Site START | Cell Site END | Departed | Delivery Address | Disembarked | Embarked | Event | Loaded | Location | Maritime Event | Origin | Permanent Mooring | Purchased At | Seized from | Transited | Unloaded | Visited | WiFi Access Point
LT11,Location Link,PT215,Target Entity,SINGLE_LINE_STRING,false,250,,0,
LT11,Location Link,PT216,Target IMEI,SINGLE_LINE_STRING,false,250,,0,
LT11,Location Link,PT217,Target IMSI,SINGLE_LINE_STRING,false,250,,0,
LT11,Location Link,PT214,Start or End,SINGLE_LINE_STRING,false,250,,0,
LT11,Location Link,PT213,Start Date and Time,DATE_AND_TIME,false,,,0,
LT11,Location Link,PT762,Duration,TIME,false,250,guid601C0497-849D-471b-A7B1-EB033EF874D4,0,
LT11,Location Link,PT5,Event Type,SINGLE_LINE_STRING,false,250,,0,
LT11,Location Link,PT755,Entity A (Calling),SINGLE_LINE_STRING,false,250,,0,
LT11,Location Link,PT756,Entity B (Called),SINGLE_LINE_STRING,false,250,,0,
LT11,Location Link,PT761,Entity C (Diverted),SINGLE_LINE_STRING,false,250,,0,
LT11,Location Link,PT993,Communication Content,MULTIPLE_LINE_STRING,false,,,0,
LT11,Location Link,PT779,End Date and Time,DATE_AND_TIME,false,,guid9f0adde3-bdcd-4f36-b657-fc0bdf7a10d5,0,
LT11,Location Link,PT778,Ringing Time,TIME,false,,,0,
LT11,Location Link,PT46,Charging ID,SINGLE_LINE_STRING,false,250,,0,
LT11,Location Link,PT45,Tech,SINGLE_LINE_STRING,false,250,,0,
LT11,Location Link,PT33,Azimuth,SINGLE_LINE_STRING,false,250,,0,
LT11,Location Link,PT114,MCC,SINGLE_LINE_STRING,false,250,,0,
LT11,Location Link,PT31,Address,SINGLE_LINE_STRING,false,250,,0,
LT11,Location Link,PT32,Postcode,SINGLE_LINE_STRING,false,250,,0,
LT11,Location Link,PT218,Comms Data Reference,SINGLE_LINE_STRING,false,250,,0,
LT11,Location Link,PT750,Cell ID,SINGLE_LINE_STRING,false,250,,0,
LT11,Location Link,PT751,LAC,SINGLE_LINE_STRING,false,250,,0,
LT11,Location Link,PT752,CGI,SINGLE_LINE_STRING,false,250,,0,
LT11,Location Link,PT753,Cell(Hex),SINGLE_LINE_STRING,false,250,,0,
LT11,Location Link,PT754,SAC,SINGLE_LINE_STRING,false,250,,0,
LT11,Location Link,PT757,Easting,SINGLE_LINE_STRING,false,250,,0,
LT11,Location Link,PT758,Northing,SINGLE_LINE_STRING,false,250,,0,
LT11,Location Link,PT759,Latitude,SINGLE_LINE_STRING,false,250,,0,
LT11,Location Link,PT760,Longitude,SINGLE_LINE_STRING,false,250,,0,
LT11,Location Link,PT763,Geographic Location,GEOSPATIAL,false,,,0,
LT11,Location Link,PT764,Cell Centroid Latitude,SINGLE_LINE_STRING,false,250,,0,
LT11,Location Link,PT765,Cell Centroid Longitude,SINGLE_LINE_STRING,false,250,,0,
LT11,Location Link,PT766,Comments,MULTIPLE_LINE_STRING,false,250,,0,
LT11,Location Link,PT767,Reference,SINGLE_LINE_STRING,false,250,,0,
LT11,Location Link,PT768,GPRS Confidence,SINGLE_LINE_STRING,false,250,,0,
LT11,Location Link,PT769,Cleansing Application,SINGLE_LINE_STRING,false,250,,0,
LT11,Location Link,PT770,Application Version,SINGLE_LINE_STRING,false,250,,0,
LT11,Location Link,PT771,Same Data Other Refs,MULTIPLE_LINE_STRING,false,,,0,
LT11,Location Link,PT772,Target IMEI TAC (8 Digit),SINGLE_LINE_STRING,false,250,,0,
LT11,Location Link,PT773,Target IMEI Manufacturer,SINGLE_LINE_STRING,false,250,,0,
LT11,Location Link,PT774,Target IMEI Model,SINGLE_LINE_STRING,false,250,,0,
LT11,Location Link,PT775,Target IMSI Country,SINGLE_LINE_STRING,false,250,,0,
LT11,Location Link,PT776,Target IMSI Network,SINGLE_LINE_STRING,false,250,,0,
LT11,Location Link,PT777,Intel Record?,SINGLE_LINE_STRING,false,250,,0,
LT11,Location Link,PT619,Additional Information,MULTIPLE_LINE_STRING,false,,,0,
LT11,Location Link,PT65,BSSID (WiFi),SINGLE_LINE_STRING,false,250,,0,
LT11,Location Link,PT66,SSID (WiFi),SINGLE_LINE_STRING,false,250,,0,
LT11,Location Link,PT836,VRM,SINGLE_LINE_STRING,false,250,,0,
LT11,Location Link,PT837,Make,SINGLE_LINE_STRING,false,250,,0,
LT11,Location Link,PT838,Model,SINGLE_LINE_STRING,false,250,,0,
LT11,Location Link,PT2,Telematics: Vehicle State,SINGLE_LINE_STRING,false,250,,0,
LT11,Location Link,PT34,Telematics: Speed,SINGLE_LINE_STRING,false,250,,0,
LT11,Location Link,PT51,Telematics: Ping,SINGLE_LINE_STRING,false,250,,0,
LT11,Location Link,PT839,Colour,SINGLE_LINE_STRING,false,250,,0,
LT11,Location Link,PT227,3x5x2 Grading,SINGLE_LINE_STRING,false,3,,0,
LT11,Location Link,PT353,3x5x2 Action,SELECTED_FROM,false,250,,3,A1: Covert Development.  May be combined or corroborated with other intelligence but action cannot be taken directly. Permission must be sought from the originator | A2: Covert Use. Covert action may be taken on this intelligence although the source or techniques must be protected. May not be used in isolation as evidence | A3: Overt Use. Overt action is permitted on this intelligence.  See additional notes for what this information can be used for.
LT11,Location Link,PT403,3x5x2 Sanitisation,SELECTED_FROM,false,250,,2,S1. Delegate Authority. The originator of the intelligence DOES PERMIT the unsupervised sanitisation of the material in order to allow dissemination to a wider audience | S2. Consult Originator. The originator of the intelligence DOES NOT PERMIT the sanitisation of the material for a wider dissemination without consultation being sought
LT11,Location Link,PT455,3x5x2 Notes,MULTIPLE_LINE_STRING,false,,,0,
LT11,Location Link,PT507,Intelligence Date,DATE,false,,,0,
LT11,Location Link,PT562,IR or Reference,SINGLE_LINE_STRING,false,250,,0,
LT11,Location Link,PT867,Redacted Target Entity,SINGLE_LINE_STRING,false,250,,0,
LT11,Location Link,PT868,Redacted IMEI,SINGLE_LINE_STRING,false,250,,0,
LT11,Location Link,PT869,Redacted IMSI,SINGLE_LINE_STRING,false,250,,0,
LT11,Location Link,PT870,Redacted ICCID,SINGLE_LINE_STRING,false,250,,0,
LT11,Location Link,PT871,Redacted Entity A (Calling),SINGLE_LINE_STRING,false,250,,0,
LT11,Location Link,PT872,Redacted Entity B (Called),SINGLE_LINE_STRING,false,250,,0,
LT11,Location Link,PT873,Redacted Entity C (Diverted),SINGLE_LINE_STRING,false,250,,0,
LT11,Location Link,PT1077,Non Target Entity,SINGLE_LINE_STRING,false,250,,0,
LT11,Location Link,PT1078,Target Direction,SINGLE_LINE_STRING,false,250,,0,
LT11,Location Link,PT78,Match Unique Value,SINGLE_LINE_STRING,false,250,,0,
LT11,Location Link,PT1434,SourceItemId,SINGLE_LINE_STRING,false,250,,0,
LT11,Location Link,PT1587,APN,SINGLE_LINE_STRING,false,250,,0,
LT13,ICCID Link,PT418,Operation,SINGLE_LINE_STRING,false,250,,0,
LT13,ICCID Link,PT47,Start Date and Time,DATE_AND_TIME,false,,,0,
LT13,ICCID Link,PT38,End Date and Time,DATE_AND_TIME,false,,guid9f0adde3-bdcd-4f36-b657-fc0bdf7a10d5,0,
LT13,ICCID Link,PT456,Target ICCID,SINGLE_LINE_STRING,false,250,,0,
LT13,ICCID Link,PT48,Target Entity,SINGLE_LINE_STRING,false,250,,0,
LT13,ICCID Link,PT223,3x5x2,SINGLE_LINE_STRING,false,3,,0,
LT13,ICCID Link,PT349,3x5x2 Action,SELECTED_FROM,false,250,,3,A1: Covert Development.  May be combined or corroborated with other intelligence but action cannot be taken directly. Permission must be sought from the originator | A2: Covert Use. Covert action may be taken on this intelligence although the source or techniques must be protected. May not be used in isolation as evidence | A3: Overt Use. Overt action is permitted on this intelligence.  See additional notes for what this information can be used for.
LT13,ICCID Link,PT399,3x5x2 Sanitisation,SELECTED_FROM,false,250,,2,S1. Delegate Authority. The originator of the intelligence DOES PERMIT the unsupervised sanitisation of the material in order to allow dissemination to a wider audience | S2. Consult Originator. The originator of the intelligence DOES NOT PERMIT the sanitisation of the material for a wider dissemination without consultation being sought
LT13,ICCID Link,PT452,3x5x2 Notes,MULTIPLE_LINE_STRING,false,,,0,
LT13,ICCID Link,PT503,Intelligence Date,DATE,false,,,0,
LT13,ICCID Link,PT558,IR or Reference,SINGLE_LINE_STRING,false,250,,0,
LT13,ICCID Link,PT861,Redacted ICCID,SINGLE_LINE_STRING,false,250,,0,
LT13,ICCID Link,PT74,Match Unique Value,SINGLE_LINE_STRING,false,250,,0,
LT13,ICCID Link,PT500,Link Strength,SELECTED_FROM,false,250,,3,Confirmed | Unconfirmed | Hypothetical
LT13,ICCID Link,PT1430,SourceItemId,SINGLE_LINE_STRING,false,250,,0,
LT14,Travel Link,PT699,Link Strength,SELECTED_FROM,false,250,,3,Confirmed | Unconfirmed | Hypothetical
LT14,Travel Link,PT580,Travel Type,SELECTED_FROM,false,250,,3,Travel - Air | Travel - Land | Travel - Sea
LT14,Travel Link,PT583,Start Date and Time,DATE_AND_TIME,false,,,0,
LT14,Travel Link,PT584,Additional notes,MULTIPLE_LINE_STRING,false,,,0,
LT14,Travel Link,PT305,3x5x2,SINGLE_LINE_STRING,false,3,,0,
LT14,Travel Link,PT358,3x5x2 Action,SELECTED_FROM,false,250,,3,A1: Covert Development.  May be combined or corroborated with other intelligence but action cannot be taken directly. Permission must be sought from the originator | A2: Covert Use. Covert action may be taken on this intelligence although the source or techniques must be protected. May not be used in isolation as evidence | A3: Overt Use. Overt action is permitted on this intelligence.  See additional notes for what this information can be used for.
LT14,Travel Link,PT408,3x5x2 Sanitisation,SELECTED_FROM,false,250,,2,S1. Delegate Authority. The originator of the intelligence DOES PERMIT the unsupervised sanitisation of the material in order to allow dissemination to a wider audience | S2. Consult Originator. The originator of the intelligence DOES NOT PERMIT the sanitisation of the material for a wider dissemination without consultation being sought
LT14,Travel Link,PT460,3x5x2 Notes,MULTIPLE_LINE_STRING,false,,,0,
LT14,Travel Link,PT512,Intelligence Date,DATE,false,,,0,
LT14,Travel Link,PT567,IR or Reference,SINGLE_LINE_STRING,false,250,,0,
LT14,Travel Link,PT786,Voyage Code (eg flight number),SINGLE_LINE_STRING,false,250,,0,
LT14,Travel Link,PT787,Scheduled Departure Date,DATE,false,,,0,
LT14,Travel Link,PT788,Scheduled Departure Time,TIME,false,,,0,
LT14,Travel Link,PT789,Actual Departure Date,DATE,false,,,0,
LT14,Travel Link,PT790,Actual Departure Time,TIME,false,,,0,
LT14,Travel Link,PT791,Scheduled Arrival Date,DATE,false,,,0,
LT14,Travel Link,PT792,Scheduled Arrival Time,TIME,false,,,0,
LT14,Travel Link,PT793,Actual Arrival Date,DATE,false,,,0,
LT14,Travel Link,PT794,Actual Arrival Time,TIME,false,,,0,
LT14,Travel Link,PT795,Embark Port (Code),SINGLE_LINE_STRING,false,250,,0,
LT14,Travel Link,PT796,Embark (Name),SINGLE_LINE_STRING,false,250,,0,
LT14,Travel Link,PT797,Embark (Lat),SINGLE_LINE_STRING,false,250,,0,
LT14,Travel Link,PT798,Embark (Lon),SINGLE_LINE_STRING,false,250,,0,
LT14,Travel Link,PT799,Departure Port (code),SINGLE_LINE_STRING,false,250,,0,
LT14,Travel Link,PT800,Departure Port (name),SINGLE_LINE_STRING,false,250,,0,
LT14,Travel Link,PT801,Arrival Port (code),SINGLE_LINE_STRING,false,250,,0,
LT14,Travel Link,PT802,Arrival Port (name),SINGLE_LINE_STRING,false,250,,0,
LT14,Travel Link,PT803,Arrival (Lat),SINGLE_LINE_STRING,false,250,,0,
LT14,Travel Link,PT804,Arrival (Lon),SINGLE_LINE_STRING,false,250,,0,
LT14,Travel Link,PT805,Disembark (code),SINGLE_LINE_STRING,false,250,,0,
LT14,Travel Link,PT806,Disembark (name),SINGLE_LINE_STRING,false,250,,0,
LT14,Travel Link,PT807,Dismebark (Lat),SINGLE_LINE_STRING,false,250,,0,
LT14,Travel Link,PT808,Disembark (Lon),SINGLE_LINE_STRING,false,250,,0,
LT14,Travel Link,PT83,Match Unique Value,SINGLE_LINE_STRING,false,250,,0,
LT14,Travel Link,PT1438,SourceItemId,SINGLE_LINE_STRING,false,250,,0,
LT15,Communication Link,PT858,Link Type,SUGGESTED_FROM,false,250,,4,ANPR | Comms Data | Device Event | Message
LT15,Communication Link,PT1044,Weekday,SINGLE_LINE_STRING,false,250,,0,
LT15,Communication Link,PT966,Start Date and Time,DATE_AND_TIME,false,,guid770074b2-0235-4ade-aca0-f64f9d1986f9,0,
LT15,Communication Link,PT967,Duration,TIME,false,250,guid601C0497-849D-471b-A7B1-EB033EF874D4,0,
LT15,Communication Link,PT972,End Date and Time,DATE_AND_TIME,false,,guid9f0adde3-bdcd-4f36-b657-fc0bdf7a10d5,0,
LT15,Communication Link,PT300,Event Direction,SINGLE_LINE_STRING,false,250,,0,
LT15,Communication Link,PT968,Event Type,SUGGESTED_FROM,false,250,,13,Voice | SMS | MMS | Data | ANPR | Forwarded | Failed Call | Network | NET | Email | Message | WiFi | <Unknown>
LT15,Communication Link,PT969,Entity A Calling,SINGLE_LINE_STRING,false,250,,0,
LT15,Communication Link,PT1089,Attribution A,SINGLE_LINE_STRING,false,250,,0,
LT15,Communication Link,PT970,Entity B Called,SINGLE_LINE_STRING,false,250,,0,
LT15,Communication Link,PT1090,Attribution B,SINGLE_LINE_STRING,false,250,,0,
LT15,Communication Link,PT971,Entity C Diverted,SINGLE_LINE_STRING,false,250,,0,
LT15,Communication Link,PT1091,Attribution C,SINGLE_LINE_STRING,false,250,,0,
LT15,Communication Link,PT973,Communication Content,MULTIPLE_LINE_STRING,false,,,0,
LT15,Communication Link,PT1040,A Target,SINGLE_LINE_STRING,false,250,,0,
LT15,Communication Link,PT1030,A IMEI,SINGLE_LINE_STRING,false,250,,0,
LT15,Communication Link,PT1032,A Make/Model,SINGLE_LINE_STRING,false,250,,0,
LT15,Communication Link,PT1028,A IMSI,SINGLE_LINE_STRING,false,250,,0,
LT15,Communication Link,PT1034,A IMSI Country/Network,SINGLE_LINE_STRING,false,250,,0,
LT15,Communication Link,PT368,A Start Raw,SINGLE_LINE_STRING,false,250,,0,
LT15,Communication Link,PT1045,A Start LAC TAC,SINGLE_LINE_STRING,false,250,,0,
LT15,Communication Link,PT1048,A Start SAC,SINGLE_LINE_STRING,false,250,,0,
LT15,Communication Link,PT633,A Start Cell CGI ,SINGLE_LINE_STRING,false,250,,0,
LT15,Communication Link,PT639,A Start Cell Azimuth,SINGLE_LINE_STRING,false,250,,0,
LT15,Communication Link,PT330,A Start Cell Tech,SINGLE_LINE_STRING,false,250,,0,
LT15,Communication Link,PT666,A Start Cell Site,SINGLE_LINE_STRING,false,250,,0,
LT15,Communication Link,PT694,A Start Cell Postcode,SINGLE_LINE_STRING,false,250,,0,
LT15,Communication Link,PT983,A Start Latitude,SINGLE_LINE_STRING,false,250,,0,
LT15,Communication Link,PT985,A Start Longitude,SINGLE_LINE_STRING,false,250,,0,
LT15,Communication Link,PT1020,A Start Easting,SINGLE_LINE_STRING,false,250,,0,
LT15,Communication Link,PT1024,A Start Northing,SINGLE_LINE_STRING,false,250,,0,
LT15,Communication Link,PT394,A End Raw,SINGLE_LINE_STRING,false,250,,0,
LT15,Communication Link,PT1046,A End LAC TAC,SINGLE_LINE_STRING,false,250,,0,
LT15,Communication Link,PT1049,A End SAC,SINGLE_LINE_STRING,false,250,,0,
LT15,Communication Link,PT636,A End Cell CGI,SINGLE_LINE_STRING,false,250,,0,
LT15,Communication Link,PT640,A End Cell Azimuth,SINGLE_LINE_STRING,false,250,,0,
LT15,Communication Link,PT342,A End Cell Tech,SINGLE_LINE_STRING,false,250,,0,
LT15,Communication Link,PT676,A End Cell Site,SINGLE_LINE_STRING,false,250,,0,
LT15,Communication Link,PT855,A End Cell Postcode,SINGLE_LINE_STRING,false,250,,0,
LT15,Communication Link,PT984,A End Latitude,SINGLE_LINE_STRING,false,250,,0,
LT15,Communication Link,PT986,A End Longitude,SINGLE_LINE_STRING,false,250,,0,
LT15,Communication Link,PT1022,A End Easting,SINGLE_LINE_STRING,false,250,,0,
LT15,Communication Link,PT1023,A End Northing,SINGLE_LINE_STRING,false,250,,0,
LT15,Communication Link,PT995,A Start Geographic Location,GEOSPATIAL,false,,,0,
LT15,Communication Link,PT996,A End Geographic Location,GEOSPATIAL,false,,,0,
LT15,Communication Link,PT228,A Start Cell Country,SINGLE_LINE_STRING,false,250,,0,
LT15,Communication Link,PT1026,A GPRS Charging ID,SINGLE_LINE_STRING,false,250,,0,
LT15,Communication Link,PT1037,A GPRS Confidence,SINGLE_LINE_STRING,false,250,,0,
LT15,Communication Link,PT1041,B Target,SINGLE_LINE_STRING,false,250,,0,
LT15,Communication Link,PT1031,B IMEI,SINGLE_LINE_STRING,false,250,,0,
LT15,Communication Link,PT1033,B Make/Model,SINGLE_LINE_STRING,false,250,,0,
LT15,Communication Link,PT1029,B IMSI,SINGLE_LINE_STRING,false,250,,0,
LT15,Communication Link,PT1035,B IMSI Country/Network,SINGLE_LINE_STRING,false,250,,0,
LT15,Communication Link,PT447,B Start Raw,SINGLE_LINE_STRING,false,250,,0,
LT15,Communication Link,PT1047,B Start LAC TAC,SINGLE_LINE_STRING,false,250,,0,
LT15,Communication Link,PT1050,B Start SAC,SINGLE_LINE_STRING,false,250,,0,
LT15,Communication Link,PT637,B Start Cell CGI,SINGLE_LINE_STRING,false,250,,0,
LT15,Communication Link,PT641,B Start Cell Azimuth,SINGLE_LINE_STRING,false,250,,0,
LT15,Communication Link,PT354,B Start Cell Tech,SINGLE_LINE_STRING,false,250,,0,
LT15,Communication Link,PT677,B Start Cell Site,SINGLE_LINE_STRING,false,250,,0,
LT15,Communication Link,PT856,B Start Cell Postcode,SINGLE_LINE_STRING,false,250,,0,
LT15,Communication Link,PT997,B Start Latitude,SINGLE_LINE_STRING,false,250,,0,
LT15,Communication Link,PT999,B Start Longitude,SINGLE_LINE_STRING,false,250,,0,
LT15,Communication Link,PT1025,B Start Easting,SINGLE_LINE_STRING,false,250,,0,
LT15,Communication Link,PT1021,B Start Northing,SINGLE_LINE_STRING,false,250,,0,
LT15,Communication Link,PT498,B End Raw,SINGLE_LINE_STRING,false,250,,0,
LT15,Communication Link,PT1052,B End LAC TAC,SINGLE_LINE_STRING,false,250,,0,
LT15,Communication Link,PT1051,B End SAC,SINGLE_LINE_STRING,false,250,,0,
LT15,Communication Link,PT638,B End Cell CGI,SINGLE_LINE_STRING,false,250,,0,
LT15,Communication Link,PT642,B End Cell Azimuth,SINGLE_LINE_STRING,false,250,,0,
LT15,Communication Link,PT344,B End Cell Tech,SINGLE_LINE_STRING,false,250,,0,
LT15,Communication Link,PT693,B End Cell Site,SINGLE_LINE_STRING,false,250,,0,
LT15,Communication Link,PT857,B End Cell Postcode,SINGLE_LINE_STRING,false,250,,0,
LT15,Communication Link,PT998,B End Latitude,SINGLE_LINE_STRING,false,250,,0,
LT15,Communication Link,PT1000,B End Longitude,SINGLE_LINE_STRING,false,250,,0,
LT15,Communication Link,PT1027,B End Easting,SINGLE_LINE_STRING,false,250,,0,
LT15,Communication Link,PT1036,B End Northing,SINGLE_LINE_STRING,false,250,,0,
LT15,Communication Link,PT1001,B Start Geographic Location,GEOSPATIAL,false,,,0,
LT15,Communication Link,PT1002,B End Geographic Location,GEOSPATIAL,false,,,0,
LT15,Communication Link,PT275,B Start Cell Country,SINGLE_LINE_STRING,false,250,,0,
LT15,Communication Link,PT627,A CDR Ref,SINGLE_LINE_STRING,false,250,,0,
LT15,Communication Link,PT628,B CDR Ref,SINGLE_LINE_STRING,false,250,,0,
LT15,Communication Link,PT52,A is Int Roaming,SINGLE_LINE_STRING,false,250,,0,
LT15,Communication Link,PT81,B is Int Roaming,SINGLE_LINE_STRING,false,250,,0,
LT15,Communication Link,PT994,A Calling UK,SINGLE_LINE_STRING,false,250,,0,
LT15,Communication Link,PT980,Redacted Entity A (Calling),SINGLE_LINE_STRING,false,250,,0,
LT15,Communication Link,PT1038,B Called UK,SINGLE_LINE_STRING,false,250,,0,
LT15,Communication Link,PT981,Redacted Entity B (Called),SINGLE_LINE_STRING,false,250,,0,
LT15,Communication Link,PT1039,C Diverted UK,SINGLE_LINE_STRING,false,250,,0,
LT15,Communication Link,PT982,Redacted Entity C (Diverted),SINGLE_LINE_STRING,false,250,,0,
LT15,Communication Link,PT553,B Orig Start Time,SINGLE_LINE_STRING,false,250,,0,
LT15,Communication Link,PT563,B Orig End Time,SINGLE_LINE_STRING,false,250,,0,
LT15,Communication Link,PT696,A Filename,SINGLE_LINE_STRING,false,250,,0,
LT15,Communication Link,PT865,B Filename,SINGLE_LINE_STRING,false,250,,0,
LT15,Communication Link,PT67,Match Unique Value,SINGLE_LINE_STRING,false,250,,0,
LT15,Communication Link,PT860,Service Type,SINGLE_LINE_STRING,false,250,,0,
LT15,Communication Link,PT859,Event Status,SINGLE_LINE_STRING,false,250,,0,
LT15,Communication Link,PT1043,UK Timezone,SINGLE_LINE_STRING,false,250,,0,
LT15,Communication Link,PT974,3x5x2 Grading,SINGLE_LINE_STRING,false,3,,0,
LT15,Communication Link,PT220,Link Strength,SELECTED_FROM,false,250,,3,Confirmed | Unconfirmed | Hypothetical
LT15,Communication Link,PT979,IR or Reference,SINGLE_LINE_STRING,false,250,,0,
LT15,Communication Link,PT978,Intelligence Date,DATE,false,,,0,
LT15,Communication Link,PT975,3x5x2 Action,SELECTED_FROM,false,250,,3,A1: Covert Development.  May be combined or corroborated with other intelligence but action cannot be taken directly. Permission must be sought from the originator | A2: Covert Use. Covert action may be taken on this intelligence although the source or techniques must be protected. May not be used in isolation as evidence | A3: Overt Use. Overt action is permitted on this intelligence.  See additional notes for what this information can be used for.
LT15,Communication Link,PT976,3x5x2 Sanitisation,SELECTED_FROM,false,250,,2,S1. Delegate Authority. The originator of the intelligence DOES PERMIT the unsupervised sanitisation of the material in order to allow dissemination to a wider audience | S2. Consult Originator. The originator of the intelligence DOES NOT PERMIT the sanitisation of the material for a wider dissemination without consultation being sought
LT15,Communication Link,PT977,3x5x2 Notes,MULTIPLE_LINE_STRING,false,,,0,
LT15,Communication Link,PT1054,A Local Roaming Start,DATE_AND_TIME,false,,,0,
LT15,Communication Link,PT1053,B Local Roaming Start,DATE_AND_TIME,false,,,0,
LT15,Communication Link,PT1055,A Local Roaming End,DATE_AND_TIME,false,,,0,
LT15,Communication Link,PT1056,B Local Roaming End,DATE_AND_TIME,false,,,0,
LT15,Communication Link,PT1057,Roaming Info,SELECTED_FROM,false,250,,5,A | B | BOTH | NONE - CHECK | MATCHED ROAMING
LT15,Communication Link,PT288,Additional Info,SINGLE_LINE_STRING,false,500,,0,
LT15,Communication Link,PT1092,Attribution Info,MULTIPLE_LINE_STRING,false,,,0,
LT15,Communication Link,PT1428,SourceItemId,SINGLE_LINE_STRING,false,250,,0,
LT15,Communication Link,PT1585,A-APN,SINGLE_LINE_STRING,false,250,,0,
LT15,Communication Link,PT1586,B-APN,SINGLE_LINE_STRING,false,250,,0,
